species,source_asset,source_mesh_file,glb_mesh_name,structure_id,acronym,label,group,parent_id,hemisphere,catalog_status,notes
rat,source/WHS_SD_rat_atlas_v4.01.label,source/WHS_SD_rat_atlas_v4.01.nii.gz,,0,,Clear Label,,,,background_label,Volume label id; derive STL/OBJ before GLB packing.
rat,source/WHS_SD_rat_atlas_v4.01.label,source/WHS_SD_rat_atlas_v4.01.nii.gz,1_corticofugal_tract_and_corona_radiata,1,,corticofugal tract and corona radiata,,,,label_from_itksnap,Volume label id; derive STL/OBJ before GLB packing.
rat,source/WHS_SD_rat_atlas_v4.01.label,source/WHS_SD_rat_atlas_v4.01.nii.gz,3_Subthalamic_nucleus,3,,Subthalamic nucleus,,,,label_from_itksnap,Volume label id; derive STL/OBJ before GLB packing.
rat,source/WHS_SD_rat_atlas_v4.01.label,source/WHS_SD_rat_atlas_v4.01.nii.gz,4_Molecular_cell_layer_of_the_cerebellum,4,,Molecular cell layer of the cerebellum,,,,label_from_itksnap,Volume label id; derive STL/OBJ before GLB packing.
rat,source/WHS_SD_rat_atlas_v4.01.label,source/WHS_SD_rat_atlas_v4.01.nii.gz,5_Cerebellum_unspecified,5,,"Cerebellum, unspecified",,,,label_from_itksnap,Volume label id; derive STL/OBJ before GLB packing.
rat,source/WHS_SD_rat_atlas_v4.01.label,source/WHS_SD_rat_atlas_v4.01.nii.gz,6_alveus_of_the_hippocampus,6,,alveus of the hippocampus,,,,label_from_itksnap,Volume label id; derive STL/OBJ before GLB packing.
rat,source/WHS_SD_rat_atlas_v4.01.label,source/WHS_SD_rat_atlas_v4.01.nii.gz,7_inferior_cerebellar_peduncle,7,,inferior cerebellar peduncle,,,,label_from_itksnap,Volume label id; derive STL/OBJ before GLB packing.
rat,source/WHS_SD_rat_atlas_v4.01.label,source/WHS_SD_rat_atlas_v4.01.nii.gz,10_Cingulate_area_2,10,,Cingulate area 2,,,,label_from_itksnap,Volume label id; derive STL/OBJ before GLB packing.
rat,source/WHS_SD_rat_atlas_v4.01.label,source/WHS_SD_rat_atlas_v4.01.nii.gz,32_Entopeduncular_nucleus,32,,Entopeduncular nucleus,,,,label_from_itksnap,Volume label id; derive STL/OBJ before GLB packing.
rat,source/WHS_SD_rat_atlas_v4.01.label,source/WHS_SD_rat_atlas_v4.01.nii.gz,33_Ventricular_system_unspecified,33,,"Ventricular system, unspecified",,,,label_from_itksnap,Volume label id; derive STL/OBJ before GLB packing.
rat,source/WHS_SD_rat_atlas_v4.01.label,source/WHS_SD_rat_atlas_v4.01.nii.gz,34_medial_lemniscus_unspecified,34,,"medial lemniscus, unspecified",,,,label_from_itksnap,Volume label id; derive STL/OBJ before GLB packing.
rat,source/WHS_SD_rat_atlas_v4.01.label,source/WHS_SD_rat_atlas_v4.01.nii.gz,35_facial_nerve_unspecified,35,,"facial nerve, unspecified",,,,label_from_itksnap,Volume label id; derive STL/OBJ before GLB packing.
rat,source/WHS_SD_rat_atlas_v4.01.label,source/WHS_SD_rat_atlas_v4.01.nii.gz,36_anterior_commissure_anterior_limb,36,,"anterior commissure, anterior limb",,,,label_from_itksnap,Volume label id; derive STL/OBJ before GLB packing.
rat,source/WHS_SD_rat_atlas_v4.01.label,source/WHS_SD_rat_atlas_v4.01.nii.gz,37_anterior_commissure_posterior_limb,37,,"anterior commissure, posterior limb",,,,label_from_itksnap,Volume label id; derive STL/OBJ before GLB packing.
rat,source/WHS_SD_rat_atlas_v4.01.label,source/WHS_SD_rat_atlas_v4.01.nii.gz,38_ventral_hippocampal_commissure,38,,ventral hippocampal commissure,,,,label_from_itksnap,Volume label id; derive STL/OBJ before GLB packing.
rat,source/WHS_SD_rat_atlas_v4.01.label,source/WHS_SD_rat_atlas_v4.01.nii.gz,40_Septal_region,40,,Septal region,,,,label_from_itksnap,Volume label id; derive STL/OBJ before GLB packing.
rat,source/WHS_SD_rat_atlas_v4.01.label,source/WHS_SD_rat_atlas_v4.01.nii.gz,41_optic_nerve,41,,optic nerve,,,,label_from_itksnap,Volume label id; derive STL/OBJ before GLB packing.
rat,source/WHS_SD_rat_atlas_v4.01.label,source/WHS_SD_rat_atlas_v4.01.nii.gz,42_optic_tract_and_optic_chiasm,42,,optic tract and optic chiasm,,,,label_from_itksnap,Volume label id; derive STL/OBJ before GLB packing.
rat,source/WHS_SD_rat_atlas_v4.01.label,source/WHS_SD_rat_atlas_v4.01.nii.gz,43_Pineal_gland,43,,Pineal gland,,,,label_from_itksnap,Volume label id; derive STL/OBJ before GLB packing.
rat,source/WHS_SD_rat_atlas_v4.01.label,source/WHS_SD_rat_atlas_v4.01.nii.gz,45_Spinal_cord,45,,Spinal cord,,,,label_from_itksnap,Volume label id; derive STL/OBJ before GLB packing.
rat,source/WHS_SD_rat_atlas_v4.01.label,source/WHS_SD_rat_atlas_v4.01.nii.gz,46_commissure_of_the_superior_colliculus,46,,commissure of the superior colliculus,,,,label_from_itksnap,Volume label id; derive STL/OBJ before GLB packing.
rat,source/WHS_SD_rat_atlas_v4.01.label,source/WHS_SD_rat_atlas_v4.01.nii.gz,47_Brainstem_unspecified,47,,"Brainstem, unspecified",,,,label_from_itksnap,Volume label id; derive STL/OBJ before GLB packing.
rat,source/WHS_SD_rat_atlas_v4.01.label,source/WHS_SD_rat_atlas_v4.01.nii.gz,48_Hypothalamic_region_unspecified,48,,"Hypothalamic region, unspecified",,,,label_from_itksnap,Volume label id; derive STL/OBJ before GLB packing.
rat,source/WHS_SD_rat_atlas_v4.01.label,source/WHS_SD_rat_atlas_v4.01.nii.gz,50_Superficial_gray_layer_of_the_superior_colliculus,50,,Superficial gray layer of the superior colliculus,,,,label_from_itksnap,Volume label id; derive STL/OBJ before GLB packing.
rat,source/WHS_SD_rat_atlas_v4.01.label,source/WHS_SD_rat_atlas_v4.01.nii.gz,51_Periaqueductal_gray,51,,Periaqueductal gray,,,,label_from_itksnap,Volume label id; derive STL/OBJ before GLB packing.
rat,source/WHS_SD_rat_atlas_v4.01.label,source/WHS_SD_rat_atlas_v4.01.nii.gz,52_fornix,52,,fornix,,,,label_from_itksnap,Volume label id; derive STL/OBJ before GLB packing.
rat,source/WHS_SD_rat_atlas_v4.01.label,source/WHS_SD_rat_atlas_v4.01.nii.gz,53_mammillotegmental_tract,53,,mammillotegmental tract,,,,label_from_itksnap,Volume label id; derive STL/OBJ before GLB packing.
rat,source/WHS_SD_rat_atlas_v4.01.label,source/WHS_SD_rat_atlas_v4.01.nii.gz,54_commissural_stria_terminalis,54,,commissural stria terminalis,,,,label_from_itksnap,Volume label id; derive STL/OBJ before GLB packing.
rat,source/WHS_SD_rat_atlas_v4.01.label,source/WHS_SD_rat_atlas_v4.01.nii.gz,55_Deeper_layers_of_the_superior_colliculus,55,,Deeper layers of the superior colliculus,,,,label_from_itksnap,Volume label id; derive STL/OBJ before GLB packing.
rat,source/WHS_SD_rat_atlas_v4.01.label,source/WHS_SD_rat_atlas_v4.01.nii.gz,56_Periventricular_gray,56,,Periventricular gray,,,,label_from_itksnap,Volume label id; derive STL/OBJ before GLB packing.
rat,source/WHS_SD_rat_atlas_v4.01.label,source/WHS_SD_rat_atlas_v4.01.nii.gz,57_genu_of_the_facial_nerve,57,,genu of the facial nerve,,,,label_from_itksnap,Volume label id; derive STL/OBJ before GLB packing.
rat,source/WHS_SD_rat_atlas_v4.01.label,source/WHS_SD_rat_atlas_v4.01.nii.gz,58_Pontine_nuclei,58,,Pontine nuclei,,,,label_from_itksnap,Volume label id; derive STL/OBJ before GLB packing.
rat,source/WHS_SD_rat_atlas_v4.01.label,source/WHS_SD_rat_atlas_v4.01.nii.gz,59_fimbria_of_the_hippocampus,59,,fimbria of the hippocampus,,,,label_from_itksnap,Volume label id; derive STL/OBJ before GLB packing.
rat,source/WHS_SD_rat_atlas_v4.01.label,source/WHS_SD_rat_atlas_v4.01.nii.gz,60_fasciculus_retroflexus,60,,fasciculus retroflexus,,,,label_from_itksnap,Volume label id; derive STL/OBJ before GLB packing.
rat,source/WHS_SD_rat_atlas_v4.01.label,source/WHS_SD_rat_atlas_v4.01.nii.gz,61_stria_medullaris_thalami,61,,stria medullaris thalami,,,,label_from_itksnap,Volume label id; derive STL/OBJ before GLB packing.
rat,source/WHS_SD_rat_atlas_v4.01.label,source/WHS_SD_rat_atlas_v4.01.nii.gz,62_stria_terminalis,62,,stria terminalis,,,,label_from_itksnap,Volume label id; derive STL/OBJ before GLB packing.
rat,source/WHS_SD_rat_atlas_v4.01.label,source/WHS_SD_rat_atlas_v4.01.nii.gz,63_posterior_commissure,63,,posterior commissure,,,,label_from_itksnap,Volume label id; derive STL/OBJ before GLB packing.
rat,source/WHS_SD_rat_atlas_v4.01.label,source/WHS_SD_rat_atlas_v4.01.nii.gz,64_Glomerular_layer_of_the_accessory_olfactory_bulb,64,,Glomerular layer of the accessory olfactory bulb,,,,label_from_itksnap,Volume label id; derive STL/OBJ before GLB packing.
rat,source/WHS_SD_rat_atlas_v4.01.label,source/WHS_SD_rat_atlas_v4.01.nii.gz,65_Glomerular_layer_of_the_olfactory_bulb,65,,Glomerular layer of the olfactory bulb,,,,label_from_itksnap,Volume label id; derive STL/OBJ before GLB packing.
rat,source/WHS_SD_rat_atlas_v4.01.label,source/WHS_SD_rat_atlas_v4.01.nii.gz,66_Olfactory_bulb_unspecified,66,,"Olfactory bulb, unspecified",,,,label_from_itksnap,Volume label id; derive STL/OBJ before GLB packing.
rat,source/WHS_SD_rat_atlas_v4.01.label,source/WHS_SD_rat_atlas_v4.01.nii.gz,67_corpus_callosum_and_associated_subcortical_white_matter,67,,corpus callosum and associated subcortical white matter,,,,label_from_itksnap,Volume label id; derive STL/OBJ before GLB packing.
rat,source/WHS_SD_rat_atlas_v4.01.label,source/WHS_SD_rat_atlas_v4.01.nii.gz,68_brachium_of_the_superior_colliculus,68,,brachium of the superior colliculus,,,,label_from_itksnap,Volume label id; derive STL/OBJ before GLB packing.
rat,source/WHS_SD_rat_atlas_v4.01.label,source/WHS_SD_rat_atlas_v4.01.nii.gz,69_inferior_colliculus_commissure,69,,"inferior colliculus, commissure",,,,label_from_itksnap,Volume label id; derive STL/OBJ before GLB packing.
rat,source/WHS_SD_rat_atlas_v4.01.label,source/WHS_SD_rat_atlas_v4.01.nii.gz,70_Central_canal,70,,Central canal,,,,label_from_itksnap,Volume label id; derive STL/OBJ before GLB packing.
rat,source/WHS_SD_rat_atlas_v4.01.label,source/WHS_SD_rat_atlas_v4.01.nii.gz,71_Interpeduncular_nucleus,71,,Interpeduncular nucleus,,,,label_from_itksnap,Volume label id; derive STL/OBJ before GLB packing.
rat,source/WHS_SD_rat_atlas_v4.01.label,source/WHS_SD_rat_atlas_v4.01.nii.gz,72_ascending_fibers_of_the_facial_nerve,72,,ascending fibers of the facial nerve,,,,label_from_itksnap,Volume label id; derive STL/OBJ before GLB packing.
rat,source/WHS_SD_rat_atlas_v4.01.label,source/WHS_SD_rat_atlas_v4.01.nii.gz,73_anterior_commissure_intrabulbar_part,73,,"anterior commissure, intrabulbar part",,,,label_from_itksnap,Volume label id; derive STL/OBJ before GLB packing.
rat,source/WHS_SD_rat_atlas_v4.01.label,source/WHS_SD_rat_atlas_v4.01.nii.gz,74_Inferior_olive,74,,Inferior olive,,,,label_from_itksnap,Volume label id; derive STL/OBJ before GLB packing.
rat,source/WHS_SD_rat_atlas_v4.01.label,source/WHS_SD_rat_atlas_v4.01.nii.gz,75_Spinal_trigeminal_nucleus,75,,Spinal trigeminal nucleus,,,,label_from_itksnap,Volume label id; derive STL/OBJ before GLB packing.
rat,source/WHS_SD_rat_atlas_v4.01.label,source/WHS_SD_rat_atlas_v4.01.nii.gz,77_Frontal_association_cortex,77,,Frontal association cortex,,,,label_from_itksnap,Volume label id; derive STL/OBJ before GLB packing.
rat,source/WHS_SD_rat_atlas_v4.01.label,source/WHS_SD_rat_atlas_v4.01.nii.gz,78_middle_cerebellar_peduncle,78,,middle cerebellar peduncle,,,,label_from_itksnap,Volume label id; derive STL/OBJ before GLB packing.
rat,source/WHS_SD_rat_atlas_v4.01.label,source/WHS_SD_rat_atlas_v4.01.nii.gz,79_transverse_fibers_of_the_pons,79,,transverse fibers of the pons,,,,label_from_itksnap,Volume label id; derive STL/OBJ before GLB packing.
rat,source/WHS_SD_rat_atlas_v4.01.label,source/WHS_SD_rat_atlas_v4.01.nii.gz,80_habenular_commissure,80,,habenular commissure,,,,label_from_itksnap,Volume label id; derive STL/OBJ before GLB packing.
rat,source/WHS_SD_rat_atlas_v4.01.label,source/WHS_SD_rat_atlas_v4.01.nii.gz,81_Nucleus_of_the_stria_medullaris,81,,Nucleus of the stria medullaris,,,,label_from_itksnap,Volume label id; derive STL/OBJ before GLB packing.
rat,source/WHS_SD_rat_atlas_v4.01.label,source/WHS_SD_rat_atlas_v4.01.nii.gz,82_Basal_forebrain_region_unspecified,82,,"Basal forebrain region, unspecified",,,,label_from_itksnap,Volume label id; derive STL/OBJ before GLB packing.
rat,source/WHS_SD_rat_atlas_v4.01.label,source/WHS_SD_rat_atlas_v4.01.nii.gz,83_supraoptic_decussation,83,,supraoptic decussation,,,,label_from_itksnap,Volume label id; derive STL/OBJ before GLB packing.
rat,source/WHS_SD_rat_atlas_v4.01.label,source/WHS_SD_rat_atlas_v4.01.nii.gz,84_medial_lemniscus_decussation,84,,medial lemniscus decussation,,,,label_from_itksnap,Volume label id; derive STL/OBJ before GLB packing.
rat,source/WHS_SD_rat_atlas_v4.01.label,source/WHS_SD_rat_atlas_v4.01.nii.gz,85_pyramidal_decussation,85,,pyramidal decussation,,,,label_from_itksnap,Volume label id; derive STL/OBJ before GLB packing.
rat,source/WHS_SD_rat_atlas_v4.01.label,source/WHS_SD_rat_atlas_v4.01.nii.gz,93_Bed_nucleus_of_the_stria_terminalis,93,,Bed nucleus of the stria terminalis,,,,label_from_itksnap,Volume label id; derive STL/OBJ before GLB packing.
rat,source/WHS_SD_rat_atlas_v4.01.label,source/WHS_SD_rat_atlas_v4.01.nii.gz,94_Pretectal_region,94,,Pretectal region,,,,label_from_itksnap,Volume label id; derive STL/OBJ before GLB packing.
rat,source/WHS_SD_rat_atlas_v4.01.label,source/WHS_SD_rat_atlas_v4.01.nii.gz,95_Cornu_ammonis_3,95,,Cornu ammonis 3,,,,label_from_itksnap,Volume label id; derive STL/OBJ before GLB packing.
rat,source/WHS_SD_rat_atlas_v4.01.label,source/WHS_SD_rat_atlas_v4.01.nii.gz,96_Dentate_gyrus,96,,Dentate gyrus,,,,label_from_itksnap,Volume label id; derive STL/OBJ before GLB packing.
rat,source/WHS_SD_rat_atlas_v4.01.label,source/WHS_SD_rat_atlas_v4.01.nii.gz,97_Cornu_ammonis_2,97,,Cornu ammonis 2,,,,label_from_itksnap,Volume label id; derive STL/OBJ before GLB packing.
rat,source/WHS_SD_rat_atlas_v4.01.label,source/WHS_SD_rat_atlas_v4.01.nii.gz,98_Cornu_ammonis_1,98,,Cornu ammonis 1,,,,label_from_itksnap,Volume label id; derive STL/OBJ before GLB packing.
rat,source/WHS_SD_rat_atlas_v4.01.label,source/WHS_SD_rat_atlas_v4.01.nii.gz,99_Fasciola_cinereum,99,,Fasciola cinereum,,,,label_from_itksnap,Volume label id; derive STL/OBJ before GLB packing.
rat,source/WHS_SD_rat_atlas_v4.01.label,source/WHS_SD_rat_atlas_v4.01.nii.gz,100_Subiculum,100,,Subiculum,,,,label_from_itksnap,Volume label id; derive STL/OBJ before GLB packing.
rat,source/WHS_SD_rat_atlas_v4.01.label,source/WHS_SD_rat_atlas_v4.01.nii.gz,108_Postrhinal_cortex,108,,Postrhinal cortex,,,,label_from_itksnap,Volume label id; derive STL/OBJ before GLB packing.
rat,source/WHS_SD_rat_atlas_v4.01.label,source/WHS_SD_rat_atlas_v4.01.nii.gz,109_Presubiculum,109,,Presubiculum,,,,label_from_itksnap,Volume label id; derive STL/OBJ before GLB packing.
rat,source/WHS_SD_rat_atlas_v4.01.label,source/WHS_SD_rat_atlas_v4.01.nii.gz,110_Parasubiculum,110,,Parasubiculum,,,,label_from_itksnap,Volume label id; derive STL/OBJ before GLB packing.
rat,source/WHS_SD_rat_atlas_v4.01.label,source/WHS_SD_rat_atlas_v4.01.nii.gz,112_Perirhinal_area_35,112,,Perirhinal area 35,,,,label_from_itksnap,Volume label id; derive STL/OBJ before GLB packing.
rat,source/WHS_SD_rat_atlas_v4.01.label,source/WHS_SD_rat_atlas_v4.01.nii.gz,113_Perirhinal_area_36,113,,Perirhinal area 36,,,,label_from_itksnap,Volume label id; derive STL/OBJ before GLB packing.
rat,source/WHS_SD_rat_atlas_v4.01.label,source/WHS_SD_rat_atlas_v4.01.nii.gz,114_Medial_entorhinal_cortex,114,,Medial entorhinal cortex,,,,label_from_itksnap,Volume label id; derive STL/OBJ before GLB packing.
rat,source/WHS_SD_rat_atlas_v4.01.label,source/WHS_SD_rat_atlas_v4.01.nii.gz,115_Lateral_entorhinal_cortex,115,,Lateral entorhinal cortex,,,,label_from_itksnap,Volume label id; derive STL/OBJ before GLB packing.
rat,source/WHS_SD_rat_atlas_v4.01.label,source/WHS_SD_rat_atlas_v4.01.nii.gz,119_Vestibular_apparatus,119,,Vestibular apparatus,,,,label_from_itksnap,Volume label id; derive STL/OBJ before GLB packing.
rat,source/WHS_SD_rat_atlas_v4.01.label,source/WHS_SD_rat_atlas_v4.01.nii.gz,120_Cochlea,120,,Cochlea,,,,label_from_itksnap,Volume label id; derive STL/OBJ before GLB packing.
rat,source/WHS_SD_rat_atlas_v4.01.label,source/WHS_SD_rat_atlas_v4.01.nii.gz,121_Cochlear_nerve,121,,Cochlear nerve,,,,label_from_itksnap,Volume label id; derive STL/OBJ before GLB packing.
rat,source/WHS_SD_rat_atlas_v4.01.label,source/WHS_SD_rat_atlas_v4.01.nii.gz,122_Vestibular_nerve,122,,Vestibular nerve,,,,label_from_itksnap,Volume label id; derive STL/OBJ before GLB packing.
rat,source/WHS_SD_rat_atlas_v4.01.label,source/WHS_SD_rat_atlas_v4.01.nii.gz,123_Ventral_cochlear_nucleus_granule_cell_layer,123,,"Ventral cochlear nucleus, granule cell layer",,,,label_from_itksnap,Volume label id; derive STL/OBJ before GLB packing.
rat,source/WHS_SD_rat_atlas_v4.01.label,source/WHS_SD_rat_atlas_v4.01.nii.gz,125_4th_ventricle,125,,4th ventricle,,,,label_from_itksnap,Volume label id; derive STL/OBJ before GLB packing.
rat,source/WHS_SD_rat_atlas_v4.01.label,source/WHS_SD_rat_atlas_v4.01.nii.gz,126_Dorsal_cochlear_nucleus_molecular_layer,126,,"Dorsal cochlear nucleus, molecular layer",,,,label_from_itksnap,Volume label id; derive STL/OBJ before GLB packing.
rat,source/WHS_SD_rat_atlas_v4.01.label,source/WHS_SD_rat_atlas_v4.01.nii.gz,127_Dorsal_cochlear_nucleus_fusiform_and_granule_layer,127,,"Dorsal cochlear nucleus, fusiform and granule layer",,,,label_from_itksnap,Volume label id; derive STL/OBJ before GLB packing.
rat,source/WHS_SD_rat_atlas_v4.01.label,source/WHS_SD_rat_atlas_v4.01.nii.gz,128_Dorsal_cochlear_nucleus_deep_core,128,,"Dorsal cochlear nucleus, deep core",,,,label_from_itksnap,Volume label id; derive STL/OBJ before GLB packing.
rat,source/WHS_SD_rat_atlas_v4.01.label,source/WHS_SD_rat_atlas_v4.01.nii.gz,129_acoustic_striae,129,,acoustic striae,,,,label_from_itksnap,Volume label id; derive STL/OBJ before GLB packing.
rat,source/WHS_SD_rat_atlas_v4.01.label,source/WHS_SD_rat_atlas_v4.01.nii.gz,130_trapezoid_body,130,,trapezoid body,,,,label_from_itksnap,Volume label id; derive STL/OBJ before GLB packing.
rat,source/WHS_SD_rat_atlas_v4.01.label,source/WHS_SD_rat_atlas_v4.01.nii.gz,131_Nucleus_of_the_trapezoid_body,131,,Nucleus of the trapezoid body,,,,label_from_itksnap,Volume label id; derive STL/OBJ before GLB packing.
rat,source/WHS_SD_rat_atlas_v4.01.label,source/WHS_SD_rat_atlas_v4.01.nii.gz,132_Superior_paraolivary_nucleus,132,,Superior paraolivary nucleus,,,,label_from_itksnap,Volume label id; derive STL/OBJ before GLB packing.
rat,source/WHS_SD_rat_atlas_v4.01.label,source/WHS_SD_rat_atlas_v4.01.nii.gz,133_Medial_superior_olive,133,,Medial superior olive,,,,label_from_itksnap,Volume label id; derive STL/OBJ before GLB packing.
rat,source/WHS_SD_rat_atlas_v4.01.label,source/WHS_SD_rat_atlas_v4.01.nii.gz,134_Lateral_superior_olive,134,,Lateral superior olive,,,,label_from_itksnap,Volume label id; derive STL/OBJ before GLB packing.
rat,source/WHS_SD_rat_atlas_v4.01.label,source/WHS_SD_rat_atlas_v4.01.nii.gz,135_Superior_periolivary_region,135,,Superior periolivary region,,,,label_from_itksnap,Volume label id; derive STL/OBJ before GLB packing.
rat,source/WHS_SD_rat_atlas_v4.01.label,source/WHS_SD_rat_atlas_v4.01.nii.gz,136_Ventral_periolivary_nuclei,136,,Ventral periolivary nuclei,,,,label_from_itksnap,Volume label id; derive STL/OBJ before GLB packing.
rat,source/WHS_SD_rat_atlas_v4.01.label,source/WHS_SD_rat_atlas_v4.01.nii.gz,137_Lateral_lemniscus_ventral_nucleus,137,,"Lateral lemniscus, ventral nucleus",,,,label_from_itksnap,Volume label id; derive STL/OBJ before GLB packing.
rat,source/WHS_SD_rat_atlas_v4.01.label,source/WHS_SD_rat_atlas_v4.01.nii.gz,138_Lateral_lemniscus_intermediate_nucleus,138,,"Lateral lemniscus, intermediate nucleus",,,,label_from_itksnap,Volume label id; derive STL/OBJ before GLB packing.
rat,source/WHS_SD_rat_atlas_v4.01.label,source/WHS_SD_rat_atlas_v4.01.nii.gz,139_Lateral_lemniscus_dorsal_nucleus,139,,"Lateral lemniscus, dorsal nucleus",,,,label_from_itksnap,Volume label id; derive STL/OBJ before GLB packing.
rat,source/WHS_SD_rat_atlas_v4.01.label,source/WHS_SD_rat_atlas_v4.01.nii.gz,140_lateral_lemniscus_commissure,140,,"lateral lemniscus, commissure",,,,label_from_itksnap,Volume label id; derive STL/OBJ before GLB packing.
rat,source/WHS_SD_rat_atlas_v4.01.label,source/WHS_SD_rat_atlas_v4.01.nii.gz,141_lateral_lemniscus_unspecified,141,,"lateral lemniscus, unspecified",,,,label_from_itksnap,Volume label id; derive STL/OBJ before GLB packing.
rat,source/WHS_SD_rat_atlas_v4.01.label,source/WHS_SD_rat_atlas_v4.01.nii.gz,142_Inferior_colliculus_dorsal_cortex,142,,"Inferior colliculus, dorsal cortex",,,,label_from_itksnap,Volume label id; derive STL/OBJ before GLB packing.
rat,source/WHS_SD_rat_atlas_v4.01.label,source/WHS_SD_rat_atlas_v4.01.nii.gz,143_Inferior_colliculus_central_nucleus,143,,"Inferior colliculus, central nucleus",,,,label_from_itksnap,Volume label id; derive STL/OBJ before GLB packing.
rat,source/WHS_SD_rat_atlas_v4.01.label,source/WHS_SD_rat_atlas_v4.01.nii.gz,145_Inferior_colliculus_external_cortex,145,,"Inferior colliculus, external cortex",,,,label_from_itksnap,Volume label id; derive STL/OBJ before GLB packing.
rat,source/WHS_SD_rat_atlas_v4.01.label,source/WHS_SD_rat_atlas_v4.01.nii.gz,146_inferior_colliculus_brachium,146,,"inferior colliculus, brachium",,,,label_from_itksnap,Volume label id; derive STL/OBJ before GLB packing.
rat,source/WHS_SD_rat_atlas_v4.01.label,source/WHS_SD_rat_atlas_v4.01.nii.gz,150_Medial_geniculate_body_marginal_zone,150,,"Medial geniculate body, marginal zone",,,,label_from_itksnap,Volume label id; derive STL/OBJ before GLB packing.
rat,source/WHS_SD_rat_atlas_v4.01.label,source/WHS_SD_rat_atlas_v4.01.nii.gz,151_Primary_auditory_area,151,,Primary auditory area,,,,label_from_itksnap,Volume label id; derive STL/OBJ before GLB packing.
rat,source/WHS_SD_rat_atlas_v4.01.label,source/WHS_SD_rat_atlas_v4.01.nii.gz,152_Secondary_auditory_area_dorsal_part,152,,"Secondary auditory area, dorsal part",,,,label_from_itksnap,Volume label id; derive STL/OBJ before GLB packing.
rat,source/WHS_SD_rat_atlas_v4.01.label,source/WHS_SD_rat_atlas_v4.01.nii.gz,153_Secondary_auditory_area_ventral_part,153,,"Secondary auditory area, ventral part",,,,label_from_itksnap,Volume label id; derive STL/OBJ before GLB packing.
rat,source/WHS_SD_rat_atlas_v4.01.label,source/WHS_SD_rat_atlas_v4.01.nii.gz,157_external_medullary_lamina_auditory_radiation,157,,"external medullary lamina, auditory radiation",,,,label_from_itksnap,Volume label id; derive STL/OBJ before GLB packing.
rat,source/WHS_SD_rat_atlas_v4.01.label,source/WHS_SD_rat_atlas_v4.01.nii.gz,158_Ventral_cochlear_nucleus_anterior_part,158,,"Ventral cochlear nucleus, anterior part",,,,label_from_itksnap,Volume label id; derive STL/OBJ before GLB packing.
rat,source/WHS_SD_rat_atlas_v4.01.label,source/WHS_SD_rat_atlas_v4.01.nii.gz,159_Ventral_cochlear_nucleus_posterior_part,159,,"Ventral cochlear nucleus, posterior part",,,,label_from_itksnap,Volume label id; derive STL/OBJ before GLB packing.
rat,source/WHS_SD_rat_atlas_v4.01.label,source/WHS_SD_rat_atlas_v4.01.nii.gz,160_Ventral_cochlear_nucleus_cap_area,160,,"Ventral cochlear nucleus, cap area",,,,label_from_itksnap,Volume label id; derive STL/OBJ before GLB packing.
rat,source/WHS_SD_rat_atlas_v4.01.label,source/WHS_SD_rat_atlas_v4.01.nii.gz,162_Spiral_ganglion,162,,Spiral ganglion,,,,label_from_itksnap,Volume label id; derive STL/OBJ before GLB packing.
rat,source/WHS_SD_rat_atlas_v4.01.label,source/WHS_SD_rat_atlas_v4.01.nii.gz,163_Nucleus_sagulum,163,,Nucleus sagulum,,,,label_from_itksnap,Volume label id; derive STL/OBJ before GLB packing.
rat,source/WHS_SD_rat_atlas_v4.01.label,source/WHS_SD_rat_atlas_v4.01.nii.gz,164_Reticular_pre_thalamic_nucleus_auditory_segment,164,,"Reticular (pre)thalamic nucleus, auditory segment",,,,label_from_itksnap,Volume label id; derive STL/OBJ before GLB packing.
rat,source/WHS_SD_rat_atlas_v4.01.label,source/WHS_SD_rat_atlas_v4.01.nii.gz,180_lateral_olfactory_tract,180,,lateral olfactory tract,,,,label_from_itksnap,Volume label id; derive STL/OBJ before GLB packing.
rat,source/WHS_SD_rat_atlas_v4.01.label,source/WHS_SD_rat_atlas_v4.01.nii.gz,181_Piriform_cortex_layer_1,181,,"Piriform cortex, layer 1",,,,label_from_itksnap,Volume label id; derive STL/OBJ before GLB packing.
rat,source/WHS_SD_rat_atlas_v4.01.label,source/WHS_SD_rat_atlas_v4.01.nii.gz,182_Piriform_cortex_layer_2,182,,"Piriform cortex, layer 2",,,,label_from_itksnap,Volume label id; derive STL/OBJ before GLB packing.
rat,source/WHS_SD_rat_atlas_v4.01.label,source/WHS_SD_rat_atlas_v4.01.nii.gz,183_Piriform_cortex_layer_3,183,,"Piriform cortex, layer 3",,,,label_from_itksnap,Volume label id; derive STL/OBJ before GLB packing.
rat,source/WHS_SD_rat_atlas_v4.01.label,source/WHS_SD_rat_atlas_v4.01.nii.gz,184_Nucleus_accumbens_core,184,,"Nucleus accumbens, core",,,,label_from_itksnap,Volume label id; derive STL/OBJ before GLB packing.
rat,source/WHS_SD_rat_atlas_v4.01.label,source/WHS_SD_rat_atlas_v4.01.nii.gz,187_Substantia_nigra_reticular_part,187,,"Substantia nigra, reticular part",,,,label_from_itksnap,Volume label id; derive STL/OBJ before GLB packing.
rat,source/WHS_SD_rat_atlas_v4.01.label,source/WHS_SD_rat_atlas_v4.01.nii.gz,188_Substantia_nigra_compact_part,188,,"Substantia nigra, compact part",,,,label_from_itksnap,Volume label id; derive STL/OBJ before GLB packing.
rat,source/WHS_SD_rat_atlas_v4.01.label,source/WHS_SD_rat_atlas_v4.01.nii.gz,189_Substantia_nigra_lateral_part,189,,"Substantia nigra, lateral part",,,,label_from_itksnap,Volume label id; derive STL/OBJ before GLB packing.
rat,source/WHS_SD_rat_atlas_v4.01.label,source/WHS_SD_rat_atlas_v4.01.nii.gz,192_Nucleus_accumbens_shell,192,,"Nucleus accumbens, shell",,,,label_from_itksnap,Volume label id; derive STL/OBJ before GLB packing.
rat,source/WHS_SD_rat_atlas_v4.01.label,source/WHS_SD_rat_atlas_v4.01.nii.gz,193_Ventral_pallidum,193,,Ventral pallidum,,,,label_from_itksnap,Volume label id; derive STL/OBJ before GLB packing.
rat,source/WHS_SD_rat_atlas_v4.01.label,source/WHS_SD_rat_atlas_v4.01.nii.gz,195_Globus_pallidus_external_medial_part,195,,"Globus pallidus external, medial part",,,,label_from_itksnap,Volume label id; derive STL/OBJ before GLB packing.
rat,source/WHS_SD_rat_atlas_v4.01.label,source/WHS_SD_rat_atlas_v4.01.nii.gz,196_Ventral_tegmental_area,196,,Ventral tegmental area,,,,label_from_itksnap,Volume label id; derive STL/OBJ before GLB packing.
rat,source/WHS_SD_rat_atlas_v4.01.label,source/WHS_SD_rat_atlas_v4.01.nii.gz,197_Caudate_putamen,197,,Caudate putamen,,,,label_from_itksnap,Volume label id; derive STL/OBJ before GLB packing.
rat,source/WHS_SD_rat_atlas_v4.01.label,source/WHS_SD_rat_atlas_v4.01.nii.gz,198_Globus_pallidus_external_lateral_part,198,,"Globus pallidus external, lateral part",,,,label_from_itksnap,Volume label id; derive STL/OBJ before GLB packing.
rat,source/WHS_SD_rat_atlas_v4.01.label,source/WHS_SD_rat_atlas_v4.01.nii.gz,199_Ventral_striatal_region_unspecified,199,,"Ventral striatal region, unspecified",,,,label_from_itksnap,Volume label id; derive STL/OBJ before GLB packing.
rat,source/WHS_SD_rat_atlas_v4.01.label,source/WHS_SD_rat_atlas_v4.01.nii.gz,200_Reticular_pre_thalamic_nucleus_unspecified,200,,"Reticular (pre)thalamic nucleus, unspecified",,,,label_from_itksnap,Volume label id; derive STL/OBJ before GLB packing.
rat,source/WHS_SD_rat_atlas_v4.01.label,source/WHS_SD_rat_atlas_v4.01.nii.gz,201_Peripeduncular_nucleus,201,,Peripeduncular nucleus,,,,label_from_itksnap,Volume label id; derive STL/OBJ before GLB packing.
rat,source/WHS_SD_rat_atlas_v4.01.label,source/WHS_SD_rat_atlas_v4.01.nii.gz,204_Pregeniculate_nucleus,204,,Pregeniculate nucleus,,,,label_from_itksnap,Volume label id; derive STL/OBJ before GLB packing.
rat,source/WHS_SD_rat_atlas_v4.01.label,source/WHS_SD_rat_atlas_v4.01.nii.gz,205_Dorsal_lateral_geniculate_nucleus,205,,Dorsal lateral geniculate nucleus,,,,label_from_itksnap,Volume label id; derive STL/OBJ before GLB packing.
rat,source/WHS_SD_rat_atlas_v4.01.label,source/WHS_SD_rat_atlas_v4.01.nii.gz,206_Lateral_habenular_nucleus,206,,Lateral habenular nucleus,,,,label_from_itksnap,Volume label id; derive STL/OBJ before GLB packing.
rat,source/WHS_SD_rat_atlas_v4.01.label,source/WHS_SD_rat_atlas_v4.01.nii.gz,207_Medial_habenular_nucleus,207,,Medial habenular nucleus,,,,label_from_itksnap,Volume label id; derive STL/OBJ before GLB packing.
rat,source/WHS_SD_rat_atlas_v4.01.label,source/WHS_SD_rat_atlas_v4.01.nii.gz,208_Posterior_intralaminar_nucleus,208,,Posterior intralaminar nucleus,,,,label_from_itksnap,Volume label id; derive STL/OBJ before GLB packing.
rat,source/WHS_SD_rat_atlas_v4.01.label,source/WHS_SD_rat_atlas_v4.01.nii.gz,210_Posterior_thalamic_nuclear_group_triangular_part,210,,"Posterior thalamic nuclear group, triangular part",,,,label_from_itksnap,Volume label id; derive STL/OBJ before GLB packing.
rat,source/WHS_SD_rat_atlas_v4.01.label,source/WHS_SD_rat_atlas_v4.01.nii.gz,211_Parataenial_thalamic_nucleus,211,,Parataenial thalamic nucleus,,,,label_from_itksnap,Volume label id; derive STL/OBJ before GLB packing.
rat,source/WHS_SD_rat_atlas_v4.01.label,source/WHS_SD_rat_atlas_v4.01.nii.gz,213_Anterodorsal_thalamic_nucleus,213,,Anterodorsal thalamic nucleus,,,,label_from_itksnap,Volume label id; derive STL/OBJ before GLB packing.
rat,source/WHS_SD_rat_atlas_v4.01.label,source/WHS_SD_rat_atlas_v4.01.nii.gz,214_Anteroventral_thalamic_nucleus_dorsomedial_part,214,,"Anteroventral thalamic nucleus, dorsomedial part",,,,label_from_itksnap,Volume label id; derive STL/OBJ before GLB packing.
rat,source/WHS_SD_rat_atlas_v4.01.label,source/WHS_SD_rat_atlas_v4.01.nii.gz,215_Anteroventral_thalamic_nucleus_ventrolateral_part,215,,"Anteroventral thalamic nucleus, ventrolateral part",,,,label_from_itksnap,Volume label id; derive STL/OBJ before GLB packing.
rat,source/WHS_SD_rat_atlas_v4.01.label,source/WHS_SD_rat_atlas_v4.01.nii.gz,216_Rhomboid_thalamic_nucleus,216,,Rhomboid thalamic nucleus,,,,label_from_itksnap,Volume label id; derive STL/OBJ before GLB packing.
rat,source/WHS_SD_rat_atlas_v4.01.label,source/WHS_SD_rat_atlas_v4.01.nii.gz,218_Xiphoid_thalamic_nucleus,218,,Xiphoid thalamic nucleus,,,,label_from_itksnap,Volume label id; derive STL/OBJ before GLB packing.
rat,source/WHS_SD_rat_atlas_v4.01.label,source/WHS_SD_rat_atlas_v4.01.nii.gz,219_Reuniens_thalamic_nucleus,219,,Reuniens thalamic nucleus,,,,label_from_itksnap,Volume label id; derive STL/OBJ before GLB packing.
rat,source/WHS_SD_rat_atlas_v4.01.label,source/WHS_SD_rat_atlas_v4.01.nii.gz,221_Ventromedial_thalamic_nucleus,221,,Ventromedial thalamic nucleus,,,,label_from_itksnap,Volume label id; derive STL/OBJ before GLB packing.
rat,source/WHS_SD_rat_atlas_v4.01.label,source/WHS_SD_rat_atlas_v4.01.nii.gz,222_Submedius_thalamic_nucleus,222,,Submedius thalamic nucleus,,,,label_from_itksnap,Volume label id; derive STL/OBJ before GLB packing.
rat,source/WHS_SD_rat_atlas_v4.01.label,source/WHS_SD_rat_atlas_v4.01.nii.gz,223_Angular_thalamic_nucleus,223,,Angular thalamic nucleus,,,,label_from_itksnap,Volume label id; derive STL/OBJ before GLB packing.
rat,source/WHS_SD_rat_atlas_v4.01.label,source/WHS_SD_rat_atlas_v4.01.nii.gz,227_Ventral_posteromedial_thalamic_nucleus,227,,Ventral posteromedial thalamic nucleus,,,,label_from_itksnap,Volume label id; derive STL/OBJ before GLB packing.
rat,source/WHS_SD_rat_atlas_v4.01.label,source/WHS_SD_rat_atlas_v4.01.nii.gz,228_Laterodorsal_thalamic_nucleus_dorsomedial_part,228,,"Laterodorsal thalamic nucleus, dorsomedial part",,,,label_from_itksnap,Volume label id; derive STL/OBJ before GLB packing.
rat,source/WHS_SD_rat_atlas_v4.01.label,source/WHS_SD_rat_atlas_v4.01.nii.gz,229_Laterodorsal_thalamic_nucleus_ventrolateral_part,229,,"Laterodorsal thalamic nucleus, ventrolateral part",,,,label_from_itksnap,Volume label id; derive STL/OBJ before GLB packing.
rat,source/WHS_SD_rat_atlas_v4.01.label,source/WHS_SD_rat_atlas_v4.01.nii.gz,230_Posterior_thalamic_nucleus,230,,Posterior thalamic nucleus,,,,label_from_itksnap,Volume label id; derive STL/OBJ before GLB packing.
rat,source/WHS_SD_rat_atlas_v4.01.label,source/WHS_SD_rat_atlas_v4.01.nii.gz,231_Ventrolateral_thalamic_nucleus,231,,Ventrolateral thalamic nucleus,,,,label_from_itksnap,Volume label id; derive STL/OBJ before GLB packing.
rat,source/WHS_SD_rat_atlas_v4.01.label,source/WHS_SD_rat_atlas_v4.01.nii.gz,232_Mediodorsal_thalamic_nucleus_lateral_part,232,,"Mediodorsal thalamic nucleus, lateral part",,,,label_from_itksnap,Volume label id; derive STL/OBJ before GLB packing.
rat,source/WHS_SD_rat_atlas_v4.01.label,source/WHS_SD_rat_atlas_v4.01.nii.gz,233_Mediodorsal_thalamic_nucleus_central_part,233,,"Mediodorsal thalamic nucleus, central part",,,,label_from_itksnap,Volume label id; derive STL/OBJ before GLB packing.
rat,source/WHS_SD_rat_atlas_v4.01.label,source/WHS_SD_rat_atlas_v4.01.nii.gz,235_Zona_incerta_dorsal_part,235,,"Zona incerta, dorsal part",,,,label_from_itksnap,Volume label id; derive STL/OBJ before GLB packing.
rat,source/WHS_SD_rat_atlas_v4.01.label,source/WHS_SD_rat_atlas_v4.01.nii.gz,236_Zona_incerta_ventral_part,236,,"Zona incerta, ventral part",,,,label_from_itksnap,Volume label id; derive STL/OBJ before GLB packing.
rat,source/WHS_SD_rat_atlas_v4.01.label,source/WHS_SD_rat_atlas_v4.01.nii.gz,238_Zona_incerta_A13_dopamine_cells,238,,"Zona incerta, A13 dopamine cells",,,,label_from_itksnap,Volume label id; derive STL/OBJ before GLB packing.
rat,source/WHS_SD_rat_atlas_v4.01.label,source/WHS_SD_rat_atlas_v4.01.nii.gz,239_pretectothalamic_lamina,239,,pretectothalamic lamina,,,,label_from_itksnap,Volume label id; derive STL/OBJ before GLB packing.
rat,source/WHS_SD_rat_atlas_v4.01.label,source/WHS_SD_rat_atlas_v4.01.nii.gz,240_Mediodorsal_thalamic_nucleus_medial_part,240,,"Mediodorsal thalamic nucleus, medial part",,,,label_from_itksnap,Volume label id; derive STL/OBJ before GLB packing.
rat,source/WHS_SD_rat_atlas_v4.01.label,source/WHS_SD_rat_atlas_v4.01.nii.gz,242_Paraventricular_thalamic_nuclei_anterior_and_posterior,242,,Paraventricular thalamic nuclei (anterior and posterior),,,,label_from_itksnap,Volume label id; derive STL/OBJ before GLB packing.
rat,source/WHS_SD_rat_atlas_v4.01.label,source/WHS_SD_rat_atlas_v4.01.nii.gz,246_Paracentral_thalamic_nucleus,246,,Paracentral thalamic nucleus,,,,label_from_itksnap,Volume label id; derive STL/OBJ before GLB packing.
rat,source/WHS_SD_rat_atlas_v4.01.label,source/WHS_SD_rat_atlas_v4.01.nii.gz,247_Central_medial_thalamic_nucleus,247,,Central medial thalamic nucleus,,,,label_from_itksnap,Volume label id; derive STL/OBJ before GLB packing.
rat,source/WHS_SD_rat_atlas_v4.01.label,source/WHS_SD_rat_atlas_v4.01.nii.gz,248_Central_lateral_thalamic_nucleus,248,,Central lateral thalamic nucleus,,,,label_from_itksnap,Volume label id; derive STL/OBJ before GLB packing.
rat,source/WHS_SD_rat_atlas_v4.01.label,source/WHS_SD_rat_atlas_v4.01.nii.gz,249_external_medullary_lamina_unspecified,249,,"external medullary lamina, unspecified",,,,label_from_itksnap,Volume label id; derive STL/OBJ before GLB packing.
rat,source/WHS_SD_rat_atlas_v4.01.label,source/WHS_SD_rat_atlas_v4.01.nii.gz,254_Anteromedial_thalamic_nucleus,254,,Anteromedial thalamic nucleus,,,,label_from_itksnap,Volume label id; derive STL/OBJ before GLB packing.
rat,source/WHS_SD_rat_atlas_v4.01.label,source/WHS_SD_rat_atlas_v4.01.nii.gz,255_Interanteromedial_thalamic_nucleus,255,,Interanteromedial thalamic nucleus,,,,label_from_itksnap,Volume label id; derive STL/OBJ before GLB packing.
rat,source/WHS_SD_rat_atlas_v4.01.label,source/WHS_SD_rat_atlas_v4.01.nii.gz,257_Zona_incerta_rostral_part,257,,"Zona incerta, rostral part",,,,label_from_itksnap,Volume label id; derive STL/OBJ before GLB packing.
rat,source/WHS_SD_rat_atlas_v4.01.label,source/WHS_SD_rat_atlas_v4.01.nii.gz,260_Intermediodorsal_thalamic_nucleus,260,,Intermediodorsal thalamic nucleus,,,,label_from_itksnap,Volume label id; derive STL/OBJ before GLB packing.
rat,source/WHS_SD_rat_atlas_v4.01.label,source/WHS_SD_rat_atlas_v4.01.nii.gz,266_Ventral_posterior_nucleus_of_the_thalamus_parvicellular_part,266,,"Ventral posterior nucleus of the thalamus, parvicellular part",,,,label_from_itksnap,Volume label id; derive STL/OBJ before GLB packing.
rat,source/WHS_SD_rat_atlas_v4.01.label,source/WHS_SD_rat_atlas_v4.01.nii.gz,267_Parafascicular_thalamic_nucleus,267,,Parafascicular thalamic nucleus,,,,label_from_itksnap,Volume label id; derive STL/OBJ before GLB packing.
rat,source/WHS_SD_rat_atlas_v4.01.label,source/WHS_SD_rat_atlas_v4.01.nii.gz,268_Retroreuniens_thalamic_nucleus,268,,Retroreuniens thalamic nucleus,,,,label_from_itksnap,Volume label id; derive STL/OBJ before GLB packing.
rat,source/WHS_SD_rat_atlas_v4.01.label,source/WHS_SD_rat_atlas_v4.01.nii.gz,270_superior_cerebellar_peduncle_and_prerubral_field,270,,superior cerebellar peduncle and prerubral field,,,,label_from_itksnap,Volume label id; derive STL/OBJ before GLB packing.
rat,source/WHS_SD_rat_atlas_v4.01.label,source/WHS_SD_rat_atlas_v4.01.nii.gz,272_Intergeniculate_leaflet,272,,Intergeniculate leaflet,,,,label_from_itksnap,Volume label id; derive STL/OBJ before GLB packing.
rat,source/WHS_SD_rat_atlas_v4.01.label,source/WHS_SD_rat_atlas_v4.01.nii.gz,278_Subparafascicular_nucleus,278,,Subparafascicular nucleus,,,,label_from_itksnap,Volume label id; derive STL/OBJ before GLB packing.
rat,source/WHS_SD_rat_atlas_v4.01.label,source/WHS_SD_rat_atlas_v4.01.nii.gz,280_Fields_of_Forel,280,,Fields of Forel,,,,label_from_itksnap,Volume label id; derive STL/OBJ before GLB packing.
rat,source/WHS_SD_rat_atlas_v4.01.label,source/WHS_SD_rat_atlas_v4.01.nii.gz,281_Subgeniculate_nucleus,281,,Subgeniculate nucleus,,,,label_from_itksnap,Volume label id; derive STL/OBJ before GLB packing.
rat,source/WHS_SD_rat_atlas_v4.01.label,source/WHS_SD_rat_atlas_v4.01.nii.gz,282_Ethmoid-Limitans_nucleus,282,,Ethmoid-Limitans nucleus,,,,label_from_itksnap,Volume label id; derive STL/OBJ before GLB packing.
rat,source/WHS_SD_rat_atlas_v4.01.label,source/WHS_SD_rat_atlas_v4.01.nii.gz,283_Lateral_posterior_thalamic_nucleus_lateral_part,283,,"Lateral posterior thalamic nucleus, lateral part",,,,label_from_itksnap,Volume label id; derive STL/OBJ before GLB packing.
rat,source/WHS_SD_rat_atlas_v4.01.label,source/WHS_SD_rat_atlas_v4.01.nii.gz,284_Zona_incerta_A11_dopamine_cells,284,,"Zona incerta, A11 dopamine cells",,,,label_from_itksnap,Volume label id; derive STL/OBJ before GLB packing.
rat,source/WHS_SD_rat_atlas_v4.01.label,source/WHS_SD_rat_atlas_v4.01.nii.gz,285_Lateral_posterior_thalamic_nucleus_mediorostral_part,285,,"Lateral posterior thalamic nucleus, mediorostral part",,,,label_from_itksnap,Volume label id; derive STL/OBJ before GLB packing.
rat,source/WHS_SD_rat_atlas_v4.01.label,source/WHS_SD_rat_atlas_v4.01.nii.gz,286_Lateral_posterior_thalamic_nucleus_mediocaudal_part,286,,"Lateral posterior thalamic nucleus, mediocaudal part",,,,label_from_itksnap,Volume label id; derive STL/OBJ before GLB packing.
rat,source/WHS_SD_rat_atlas_v4.01.label,source/WHS_SD_rat_atlas_v4.01.nii.gz,287_Zona_incerta_caudal_part,287,,"Zona incerta, caudal part",,,,label_from_itksnap,Volume label id; derive STL/OBJ before GLB packing.
rat,source/WHS_SD_rat_atlas_v4.01.label,source/WHS_SD_rat_atlas_v4.01.nii.gz,290_intramedullary_thalamic_area,290,,intramedullary thalamic area,,,,label_from_itksnap,Volume label id; derive STL/OBJ before GLB packing.
rat,source/WHS_SD_rat_atlas_v4.01.label,source/WHS_SD_rat_atlas_v4.01.nii.gz,291_internal_medullary_lamina,291,,internal medullary lamina,,,,label_from_itksnap,Volume label id; derive STL/OBJ before GLB packing.
rat,source/WHS_SD_rat_atlas_v4.01.label,source/WHS_SD_rat_atlas_v4.01.nii.gz,293_Ventral_anterior_thalamic_nucleus,293,,Ventral anterior thalamic nucleus,,,,label_from_itksnap,Volume label id; derive STL/OBJ before GLB packing.
rat,source/WHS_SD_rat_atlas_v4.01.label,source/WHS_SD_rat_atlas_v4.01.nii.gz,294_Ventral_posterolateral_thalamic_nucleus,294,,Ventral posterolateral thalamic nucleus,,,,label_from_itksnap,Volume label id; derive STL/OBJ before GLB packing.
rat,source/WHS_SD_rat_atlas_v4.01.label,source/WHS_SD_rat_atlas_v4.01.nii.gz,295_Medial_geniculate_body_dorsal_division,295,,"Medial geniculate body, dorsal division",,,,label_from_itksnap,Volume label id; derive STL/OBJ before GLB packing.
rat,source/WHS_SD_rat_atlas_v4.01.label,source/WHS_SD_rat_atlas_v4.01.nii.gz,297_Medial_geniculate_body_medial_division,297,,"Medial geniculate body, medial division",,,,label_from_itksnap,Volume label id; derive STL/OBJ before GLB packing.
rat,source/WHS_SD_rat_atlas_v4.01.label,source/WHS_SD_rat_atlas_v4.01.nii.gz,298_Medial_geniculate_body_ventral_division,298,,"Medial geniculate body, ventral division",,,,label_from_itksnap,Volume label id; derive STL/OBJ before GLB packing.
rat,source/WHS_SD_rat_atlas_v4.01.label,source/WHS_SD_rat_atlas_v4.01.nii.gz,299_Medial_geniculate_body_suprageniculate_nucleus,299,,"Medial geniculate body, suprageniculate nucleus",,,,label_from_itksnap,Volume label id; derive STL/OBJ before GLB packing.
rat,source/WHS_SD_rat_atlas_v4.01.label,source/WHS_SD_rat_atlas_v4.01.nii.gz,400_Ventrolateral_orbital_area,400,,Ventrolateral orbital area,,,,label_from_itksnap,Volume label id; derive STL/OBJ before GLB packing.
rat,source/WHS_SD_rat_atlas_v4.01.label,source/WHS_SD_rat_atlas_v4.01.nii.gz,401_Lateral_orbital_area,401,,Lateral orbital area,,,,label_from_itksnap,Volume label id; derive STL/OBJ before GLB packing.
rat,source/WHS_SD_rat_atlas_v4.01.label,source/WHS_SD_rat_atlas_v4.01.nii.gz,402_Ventral_orbital_area,402,,Ventral orbital area,,,,label_from_itksnap,Volume label id; derive STL/OBJ before GLB packing.
rat,source/WHS_SD_rat_atlas_v4.01.label,source/WHS_SD_rat_atlas_v4.01.nii.gz,403_Medial_orbital_area,403,,Medial orbital area,,,,label_from_itksnap,Volume label id; derive STL/OBJ before GLB packing.
rat,source/WHS_SD_rat_atlas_v4.01.label,source/WHS_SD_rat_atlas_v4.01.nii.gz,404_Dorsolateral_orbital_area,404,,Dorsolateral orbital area,,,,label_from_itksnap,Volume label id; derive STL/OBJ before GLB packing.
rat,source/WHS_SD_rat_atlas_v4.01.label,source/WHS_SD_rat_atlas_v4.01.nii.gz,405_Prelimbic_area,405,,Prelimbic area,,,,label_from_itksnap,Volume label id; derive STL/OBJ before GLB packing.
rat,source/WHS_SD_rat_atlas_v4.01.label,source/WHS_SD_rat_atlas_v4.01.nii.gz,406_Secondary_motor_area,406,,Secondary motor area,,,,label_from_itksnap,Volume label id; derive STL/OBJ before GLB packing.
rat,source/WHS_SD_rat_atlas_v4.01.label,source/WHS_SD_rat_atlas_v4.01.nii.gz,407_Motor_association_area,407,,Motor association area,,,,label_from_itksnap,Volume label id; derive STL/OBJ before GLB packing.
rat,source/WHS_SD_rat_atlas_v4.01.label,source/WHS_SD_rat_atlas_v4.01.nii.gz,408_Primary_motor_area,408,,Primary motor area,,,,label_from_itksnap,Volume label id; derive STL/OBJ before GLB packing.
rat,source/WHS_SD_rat_atlas_v4.01.label,source/WHS_SD_rat_atlas_v4.01.nii.gz,409_Agranular_insular_cortex_ventral_area,409,,"Agranular insular cortex, ventral area",,,,label_from_itksnap,Volume label id; derive STL/OBJ before GLB packing.
rat,source/WHS_SD_rat_atlas_v4.01.label,source/WHS_SD_rat_atlas_v4.01.nii.gz,410_Agranular_insular_cortex_dorsal_area,410,,Agranular insular cortex dorsal area,,,,label_from_itksnap,Volume label id; derive STL/OBJ before GLB packing.
rat,source/WHS_SD_rat_atlas_v4.01.label,source/WHS_SD_rat_atlas_v4.01.nii.gz,411_Cingulate_area_1,411,,Cingulate area 1,,,,label_from_itksnap,Volume label id; derive STL/OBJ before GLB packing.
rat,source/WHS_SD_rat_atlas_v4.01.label,source/WHS_SD_rat_atlas_v4.01.nii.gz,412_Claustrum,412,,Claustrum,,,,label_from_itksnap,Volume label id; derive STL/OBJ before GLB packing.
rat,source/WHS_SD_rat_atlas_v4.01.label,source/WHS_SD_rat_atlas_v4.01.nii.gz,413_Infralimbic_area,413,,Infralimbic area,,,,label_from_itksnap,Volume label id; derive STL/OBJ before GLB packing.
rat,source/WHS_SD_rat_atlas_v4.01.label,source/WHS_SD_rat_atlas_v4.01.nii.gz,414_Dysgranular_insular_cortex,414,,Dysgranular insular cortex,,,,label_from_itksnap,Volume label id; derive STL/OBJ before GLB packing.
rat,source/WHS_SD_rat_atlas_v4.01.label,source/WHS_SD_rat_atlas_v4.01.nii.gz,416_Granular_insular_cortex,416,,Granular insular cortex,,,,label_from_itksnap,Volume label id; derive STL/OBJ before GLB packing.
rat,source/WHS_SD_rat_atlas_v4.01.label,source/WHS_SD_rat_atlas_v4.01.nii.gz,417_Primary_somatosensory_area_forelimb_representation,417,,"Primary somatosensory area, forelimb representation",,,,label_from_itksnap,Volume label id; derive STL/OBJ before GLB packing.
rat,source/WHS_SD_rat_atlas_v4.01.label,source/WHS_SD_rat_atlas_v4.01.nii.gz,418_Primary_somatosensory_area_dysgranular_zone,418,,"Primary somatosensory area, dysgranular zone",,,,label_from_itksnap,Volume label id; derive STL/OBJ before GLB packing.
rat,source/WHS_SD_rat_atlas_v4.01.label,source/WHS_SD_rat_atlas_v4.01.nii.gz,420_Primary_somatosensory_area_face_representation,420,,"Primary somatosensory area, face representation",,,,label_from_itksnap,Volume label id; derive STL/OBJ before GLB packing.
rat,source/WHS_SD_rat_atlas_v4.01.label,source/WHS_SD_rat_atlas_v4.01.nii.gz,422_Secondary_somatosensory_area,422,,Secondary somatosensory area,,,,label_from_itksnap,Volume label id; derive STL/OBJ before GLB packing.
rat,source/WHS_SD_rat_atlas_v4.01.label,source/WHS_SD_rat_atlas_v4.01.nii.gz,423_Primary_somatosensory_area_hindlimb_representation,423,,"Primary somatosensory area, hindlimb representation",,,,label_from_itksnap,Volume label id; derive STL/OBJ before GLB packing.
rat,source/WHS_SD_rat_atlas_v4.01.label,source/WHS_SD_rat_atlas_v4.01.nii.gz,424_Agranular_insular_cortex_posterior_area,424,,"Agranular insular cortex, posterior area",,,,label_from_itksnap,Volume label id; derive STL/OBJ before GLB packing.
rat,source/WHS_SD_rat_atlas_v4.01.label,source/WHS_SD_rat_atlas_v4.01.nii.gz,425_Primary_somatosensory_area_barrel_field,425,,"Primary somatosensory area, barrel field",,,,label_from_itksnap,Volume label id; derive STL/OBJ before GLB packing.
rat,source/WHS_SD_rat_atlas_v4.01.label,source/WHS_SD_rat_atlas_v4.01.nii.gz,427_Retrosplenial_dysgranular_area,427,,Retrosplenial dysgranular area,,,,label_from_itksnap,Volume label id; derive STL/OBJ before GLB packing.
rat,source/WHS_SD_rat_atlas_v4.01.label,source/WHS_SD_rat_atlas_v4.01.nii.gz,429_Primary_somatosensory_area_trunk_representation,429,,"Primary somatosensory area, trunk representation",,,,label_from_itksnap,Volume label id; derive STL/OBJ before GLB packing.
rat,source/WHS_SD_rat_atlas_v4.01.label,source/WHS_SD_rat_atlas_v4.01.nii.gz,430_Retrosplenial_granular_area,430,,Retrosplenial granular area,,,,label_from_itksnap,Volume label id; derive STL/OBJ before GLB packing.
rat,source/WHS_SD_rat_atlas_v4.01.label,source/WHS_SD_rat_atlas_v4.01.nii.gz,432_Parietal_association_cortex_lateral_area,432,,"Parietal association cortex, lateral area",,,,label_from_itksnap,Volume label id; derive STL/OBJ before GLB packing.
rat,source/WHS_SD_rat_atlas_v4.01.label,source/WHS_SD_rat_atlas_v4.01.nii.gz,433_Parietal_association_cortex_medial_area,433,,"Parietal association cortex, medial area",,,,label_from_itksnap,Volume label id; derive STL/OBJ before GLB packing.
rat,source/WHS_SD_rat_atlas_v4.01.label,source/WHS_SD_rat_atlas_v4.01.nii.gz,436_Parietal_association_cortex_posterior_area,436,,"Parietal association cortex, posterior area",,,,label_from_itksnap,Volume label id; derive STL/OBJ before GLB packing.
rat,source/WHS_SD_rat_atlas_v4.01.label,source/WHS_SD_rat_atlas_v4.01.nii.gz,442_Primary_visual_area,442,,Primary visual area,,,,label_from_itksnap,Volume label id; derive STL/OBJ before GLB packing.
rat,source/WHS_SD_rat_atlas_v4.01.label,source/WHS_SD_rat_atlas_v4.01.nii.gz,443_Secondary_visual_area_lateral_part,443,,"Secondary visual area, lateral part",,,,label_from_itksnap,Volume label id; derive STL/OBJ before GLB packing.
rat,source/WHS_SD_rat_atlas_v4.01.label,source/WHS_SD_rat_atlas_v4.01.nii.gz,444_Temporal_association_cortex,444,,Temporal association cortex,,,,label_from_itksnap,Volume label id; derive STL/OBJ before GLB packing.
rat,source/WHS_SD_rat_atlas_v4.01.label,source/WHS_SD_rat_atlas_v4.01.nii.gz,448_Secondary_visual_area_medial_part,448,,"Secondary visual area, medial part",,,,label_from_itksnap,Volume label id; derive STL/OBJ before GLB packing.
rat,source/WHS_SD_rat_atlas_v4.01.label,source/WHS_SD_rat_atlas_v4.01.nii.gz,500_Endopiriform_nucleus,500,,Endopiriform nucleus,,,,label_from_itksnap,Volume label id; derive STL/OBJ before GLB packing.
rat,source/WHS_SD_rat_atlas_v4.01.label,source/WHS_SD_rat_atlas_v4.01.nii.gz,501_Amygdaloid_area_unspecified,501,,"Amygdaloid area, unspecified",,,,label_from_itksnap,Volume label id; derive STL/OBJ before GLB packing.
rat,source/WHS_SD_rat_atlas_v4.01.label,source/WHS_SD_rat_atlas_v4.01.nii.gz,502_Nucleus_of_the_lateral_olfactory_tract,502,,Nucleus of the lateral olfactory tract,,,,label_from_itksnap,Volume label id; derive STL/OBJ before GLB packing.
rat,source/WHS_SD_rat_atlas_v4.01.label,source/WHS_SD_rat_atlas_v4.01.nii.gz,504_trigeminal_nerve,504,,trigeminal nerve,,,,label_from_itksnap,Volume label id; derive STL/OBJ before GLB packing.
rat,source/WHS_SD_rat_atlas_v4.01.label,source/WHS_SD_rat_atlas_v4.01.nii.gz,505_medullary_spinal_trigeminal_tract,505,,medullary spinal trigeminal tract,,,,label_from_itksnap,Volume label id; derive STL/OBJ before GLB packing.
rat,source/WHS_SD_rat_atlas_v4.01.label,source/WHS_SD_rat_atlas_v4.01.nii.gz,506_Anterior_olfactory_area_unspecified,506,,"Anterior olfactory area, unspecified",,,,label_from_itksnap,Volume label id; derive STL/OBJ before GLB packing.
